x,y,patch,time
1.01,0,patch_1,100
1.050957681133,-0.0839641080399885,patch_1,101
1.05602009747271,-0.142462212306854,patch_1,102
1.00648974202349,-0.154977769905299,patch_1,103
0.943889795614376,-0.126586251446475,patch_1,104
0.915189776272433,-0.125492456157361,patch_1,105
0.919099204830777,-0.148605970122032,patch_1,106
0.958015306160255,-0.112289115870231,patch_1,107
0.935051542336934,-0.10090176379241,patch_1,108
0.937837023160801,-0.0827954071170274,patch_1,109
0.921320704220479,-0.0761448317205332,patch_1,110
0.956882961620283,-0.0228572536363037,patch_1,111
1.03774674247152,-0.00479012085754392,patch_1,112
1.0795126448392,-0.0106302070723486,patch_1,113
1.06495425298439,-0.0883931978514153,patch_1,114
1.01218660983901,-0.112976899501674,patch_1,115
0.964947898931814,-0.0665784058360949,patch_1,116
0.916012863487158,-0.0397459638762675,patch_1,117
0.926642962498493,-0.000229025491836332,patch_1,118
0.917751553317768,0.0202666337086622,patch_1,119
0.926112240986058,0.051414514751232,patch_1,120
0.917360310349543,0.0797059850363045,patch_1,121
0.912727923991056,0.0741186898931572,patch_1,122
0.932205546777996,0.0439845985179933,patch_1,123
0.951087368874043,0.0428797627635542,patch_1,124
1.02834940760186,-0.0471308617132654,patch_1,125
0.980659552667958,-0.104483081256486,patch_1,126
0.880457883841616,-0.124374616741595,patch_1,127
0.772201878308566,-0.00171082098959801,patch_1,128
0.794295993798325,0.121873194539222,patch_1,129
0.877249785763547,0.182503888750774,patch_1,130
1.0047090501077,0.17920027641018,patch_1,131
1.1117641598096,0.0830106521393404,patch_1,132
1.1156933988929,-0.00259970538341071,patch_1,133
1.04925094455359,-0.0760827893413718,patch_1,134
0.970405450956087,-0.0788064943283142,patch_1,135
0.873696362619296,-0.0358222710047846,patch_1,136
0.830925686827414,0.0837726520125148,patch_1,137
0.943745409408875,0.156668516193552,patch_1,138
1.07204903879973,0.143904476862991,patch_1,139
1.16129515159572,0.0633338791342101,patch_1,140
1.12886168866896,-0.0855001848669072,patch_1,141
1.01098966627094,-0.199168835340539,patch_1,142
0.872343481384994,-0.226030829942685,patch_1,143
0.784390195195557,-0.141772068876663,patch_1,144
0.800485225435375,0.00921692860430454,patch_1,145
0.89488269865047,0.166154032593249,patch_1,146
1.02270795176502,0.202281774924143,patch_1,147
1.1732760272882,0.12427646435268,patch_1,148
1.20865515544465,-0.0345262805091533,patch_1,149
1.11258769677229,-0.156313347170486,patch_1,150
0.979446831063026,-0.20736040846586,patch_1,151
0.855781023679428,-0.153150093113986,patch_1,152
0.797687160183401,-0.0645574379120838,patch_1,153
0.799120277348293,0.0272196332816279,patch_1,154
0.820621738933716,0.116344391257764,patch_1,155
0.920631372423655,0.172378120831607,patch_1,156
1.0392454704744,0.159501795115319,patch_1,157
1.09614629076556,0.133314200539109,patch_1,158
1.094998043822,0.0821258657021088,patch_1,159
1.08158155359048,0.0297087488556802,patch_1,160
1.02693750134299,-0.0167443242732187,patch_1,161
0.877926201213165,-0.013331963321309,patch_1,162
0.792163072246607,0.0418720151193721,patch_1,163
0.759150618334034,0.17123732563938,patch_1,164
0.825971614673441,0.285623981066712,patch_1,165
0.907399691986272,0.353202030715732,patch_1,166
1.05539819910904,0.408781037064223,patch_1,167
1.15569951783527,0.331747367976632,patch_1,168
1.20308093744591,0.224935758914876,patch_1,169
1.15964741182834,0.165210126457364,patch_1,170
1.12856867084909,0.157478612416519,patch_1,171
1.11079981051543,0.121323477479774,patch_1,172
1.03171896205049,0.0952828113103878,patch_1,173
0.90456669259058,0.120980307019033,patch_1,174
0.780158718796768,0.219660101756127,patch_1,175
0.745324160034569,0.365142197358505,patch_1,176
0.74157187653278,0.509727552032986,patch_1,177
0.883406207119446,0.605168321326872,patch_1,178
1.04509716869317,0.575458743431562,patch_1,179
1.09693837554947,0.482429521300812,patch_1,180
1.06490712663487,0.350647753494779,patch_1,181
0.97162933313573,0.231644306666298,patch_1,182
0.848648783452782,0.218772115824074,patch_1,183
0.819348495294413,0.327545395146547,patch_1,184
0.816410800596801,0.344614224411537,patch_1,185
0.826598741036113,0.331045120352037,patch_1,186
0.829956173247108,0.335193076803795,patch_1,187
0.831187740100749,0.304541452570927,patch_1,188
0.811714061446023,0.336318379362438,patch_1,189
0.834138826023079,0.384456596894317,patch_1,190
0.853140609650488,0.381631239437923,patch_1,191
0.879327921425688,0.390837715898256,patch_1,192
0.899480593666702,0.366986578760022,patch_1,193
0.905978423636955,0.358369313522298,patch_1,194
0.957772114558026,0.359837257141997,patch_1,195
0.973975898388355,0.335411485957081,patch_1,196
1.00244924765256,0.384005400726647,patch_1,197
0.973322135709537,0.364565627397232,patch_1,198
0.909628188688443,0.40700843456876,patch_1,199
0.871780110346877,0.476243139014083,patch_1,200
0.939097482642868,0.570107025199951,patch_1,201
1.00833952585639,0.571187722221199,patch_1,202
1.08519961299345,0.514974870042024,patch_1,203
1.15349781634493,0.397129081425752,patch_1,204
1.15681326984447,0.295118504341601,patch_1,205
1.07188780580044,0.24067164100093,patch_1,206
0.959316281646778,0.191661144331356,patch_1,207
0.927415533482014,0.192224846177539,patch_1,208
0.928091960641887,0.196157104273364,patch_1,209
0.92806371794168,0.189828238561938,patch_1,210
0.90280533714188,0.19290636672423,patch_1,211
0.916919988701344,0.195682286745434,patch_1,212
0.935361823148905,0.165966190981045,patch_1,213
0.983549829866837,0.144485795453794,patch_1,214
1.02031096088702,0.0917301768958207,patch_1,215
1.04139355787188,0.0636154024480471,patch_1,216
1.07273980383944,0.0228101033546535,patch_1,217
1.05084462682918,0.051229433091618,patch_1,218
1.12709353738035,0.1457986150301,patch_1,219
1.24297409381922,0.152134590831043,patch_1,220
1.32090564943995,0.0512949438523058,patch_1,221
1.3473973414009,-0.0625553536507222,patch_1,222
1.38019615511348,-0.199615181909623,patch_1,223
1.32152184979834,-0.30957572077003,patch_1,224
1.24421669786487,-0.297571457595102,patch_1,225
1.21105629262425,-0.278438870186133,patch_1,226
1.1835054795328,-0.21474372153851,patch_1,227
1.17584838508012,-0.129337031744308,patch_1,228
1.24340973567323,-0.0559146633957149,patch_1,229
1.36835250665649,0.00426698316141921,patch_1,230
1.48056302465277,-0.05898569626593,patch_1,231
1.54909236242463,-0.149536961096042,patch_1,232
1.55865403322429,-0.236426114196308,patch_1,233
1.54422253720527,-0.284837444250104,patch_1,234
1.58465644859433,-0.296779335860439,patch_1,235
1.60858586031392,-0.276216464107736,patch_1,236
1.5821776038047,-0.283855588015214,patch_1,237
1.58179415544022,-0.313163219009279,patch_1,238
1.53685024467015,-0.358216403037582,patch_1,239
1.48419593623972,-0.348990400386945,patch_1,240
1.43995364687257,-0.299154026215333,patch_1,241
1.42619768515188,-0.258466221928788,patch_1,242
1.45633877337388,-0.194216469961618,patch_1,243
1.52921507985165,-0.196921192415712,patch_1,244
1.60618095784066,-0.28467322554463,patch_1,245
1.6029395552678,-0.410597250592909,patch_1,246
1.5026477185009,-0.513333183955013,patch_1,247
1.37281432597495,-0.537831309261112,patch_1,248
1.23998960704687,-0.437502028406713,patch_1,249
1.20604959700912,-0.218329494183204,patch_1,250
1.36576499621889,-0.0765084985445676,patch_1,251
1.51904008753176,-0.0808357009237414,patch_1,252
1.58783112349605,-0.198033978815025,patch_1,253
1.53229353108547,-0.301346000151381,patch_1,254
1.36443438435688,-0.322954126491257,patch_1,255
1.21848470642444,-0.228639374823715,patch_1,256
1.15942993310901,-0.102458746130102,patch_1,257
1.15657640891641,0.0191994562726337,patch_1,258
1.2410461645485,0.0358563563860519,patch_1,259
1.35683977352086,0.0254809927904361,patch_1,260
1.41266565342312,-0.066310218108533,patch_1,261
1.41389255248813,-0.235459703484817,patch_1,262
1.31842413299855,-0.331387828145036,patch_1,263
1.20898453480435,-0.336550611155232,patch_1,264
1.14416976438422,-0.292441443850308,patch_1,265
1.1482124558405,-0.206462653575459,patch_1,266
1.18489374312881,-0.18172148807668,patch_1,267
1.20738741284128,-0.190031919938811,patch_1,268
1.22512522696216,-0.186583476098118,patch_1,269
1.19699719199828,-0.171949302986699,patch_1,270
1.20006310232108,-0.146941835998544,patch_1,271
1.21126675636257,-0.0962976751725931,patch_1,272
1.27691044560783,-0.0573240001961298,patch_1,273
1.38275574946823,-0.113538045366953,patch_1,274
1.38569391852863,-0.239268605843637,patch_1,275
1.29963239598971,-0.346852300253229,patch_1,276
1.16312912212525,-0.323838747730498,patch_1,277
1.10235351567882,-0.263998504553007,patch_1,278
1.13284194318966,-0.14389339144174,patch_1,279
1.22326363673478,-0.0737460517014481,patch_1,280
1.27875671540206,-0.0535200195959197,patch_1,281
1.32542678617489,-0.0494611730814861,patch_1,282
1.3603334294454,-0.0918230506978931,patch_1,283
1.34635074956944,-0.15942183177932,patch_1,284
1.31494602329852,-0.171741602932107,patch_1,285
1.27500589841418,-0.181594110266567,patch_1,286
1.26115235802426,-0.203073922101052,patch_1,287
1.25330869030112,-0.167023887068564,patch_1,288
1.25834371585556,-0.0945982351999145,patch_1,289
1.34584807466164,-0.0208368639385358,patch_1,290
1.48000685509806,-0.0304799794577933,patch_1,291
1.60947188847122,-0.11573214262685,patch_1,292
1.67467290029621,-0.254065493141312,patch_1,293
1.64139790490761,-0.422938152889841,patch_1,294
1.54566761248861,-0.532094592053041,patch_1,295
1.42423890283585,-0.542150648057585,patch_1,296
1.33477944138371,-0.481133269524275,patch_1,297
1.31278691593672,-0.35797948821118,patch_1,298
1.36295689610499,-0.29370480242568,patch_1,299
1.41982035947123,-0.231361228890057,patch_1,300
1.47606474734064,-0.207908877369266,patch_1,301
1.58126888332024,-0.236407864344514,patch_1,302
1.56365447261348,-0.341380159265601,patch_1,303
1.46309710232761,-0.412203571458029,patch_1,304
1.33437889435316,-0.442253339510853,patch_1,305
1.25878599579789,-0.399978241887654,patch_1,306
1.23597519310908,-0.259868803545373,patch_1,307
1.28747837965909,-0.117653633192734,patch_1,308
1.41257306107616,-0.0324419425240467,patch_1,309
1.55746968729031,-0.0507046531926835,patch_1,310
1.64468572741395,-0.144083174434959,patch_1,311
1.62838667717827,-0.2286650360021,patch_1,312
1.5386662983229,-0.353317857986735,patch_1,313
1.38108766442567,-0.389130918933462,patch_1,314
1.27067294179,-0.318473162021575,patch_1,315
1.24684659904409,-0.255099120987325,patch_1,316
1.28152389131732,-0.217317719195157,patch_1,317
1.32138355428455,-0.223124449816501,patch_1,318
1.32073602537906,-0.306699868328696,patch_1,319
1.2454639173782,-0.367426528688852,patch_1,320
1.18156176031082,-0.381643540424903,patch_1,321
1.17159060005433,-0.437307175519466,patch_1,322
1.16513755793669,-0.463856239874221,patch_1,323
1.13219368790442,-0.454191760592468,patch_1,324
1.11123674186725,-0.470603251771622,patch_1,325
1.08834612435108,-0.477111397231387,patch_1,326
0.995602488820021,-0.455271937119091,patch_1,327
0.947308896348394,-0.38005862189956,patch_1,328
0.949375845039903,-0.303002143426781,patch_1,329
1.02584306093092,-0.204650048641677,patch_1,330
1.20984030352475,-0.171004716407791,patch_1,331
1.33120695475958,-0.238617168620499,patch_1,332
1.40634498809878,-0.392961498936684,patch_1,333
1.36185454112727,-0.553247799602306,patch_1,334
1.19464713939561,-0.687939827348184,patch_1,335
1.05679022168937,-0.640667757097432,patch_1,336
0.95150004842434,-0.523272533824281,patch_1,337
0.954204451072658,-0.317858500831167,patch_1,338
1.04750930077132,-0.17354933730232,patch_1,339
1.16643613525556,-0.116898724980062,patch_1,340
1.26794101974709,-0.131557145090018,patch_1,341
1.30951169526598,-0.178397627438868,patch_1,342
1.28792758323411,-0.217390823529602,patch_1,343
1.23115554496164,-0.245804280998392,patch_1,344
1.16469152316835,-0.224430383143832,patch_1,345
1.15492912274284,-0.154980436189371,patch_1,346
1.22444440939073,-0.112620283899045,patch_1,347
1.31204629063846,-0.159112613466271,patch_1,348
1.34306854248898,-0.202068603123716,patch_1,349
1.30803959152178,-0.202504396036408,patch_1,350
1.31862343305015,-0.156166982257623,patch_1,351
1.34859535034016,-0.0703498408451976,patch_1,352
1.41911554665788,-0.0302718323050844,patch_1,353
1.49459135957174,-0.0902655198986128,patch_1,354
1.53337241809236,-0.192528340508705,patch_1,355
1.48276376866356,-0.264079452438375,patch_1,356
1.38633708331175,-0.274569062917272,patch_1,357
1.2996976618467,-0.238094018546378,patch_1,358
1.23973719405882,-0.170951946704333,patch_1,359
1.23632829154919,-0.114664574271382,patch_1,360
1.27532039739462,-0.11178117655015,patch_1,361
1.26791572666671,-0.119404179110336,patch_1,362
1.20968844164099,-0.0718075946264078,patch_1,363
1.18481584040385,-0.0966076410442577,patch_1,364
1.15768407861926,-0.0899741419444105,patch_1,365
1.11459213395219,-0.0528916141610027,patch_1,366
1.08824020697651,0.0636766737597545,patch_1,367
1.18259108449149,0.187710050744897,patch_1,368
1.3367385339596,0.243840087576981,patch_1,369
1.47095298036639,0.160828493519955,patch_1,370
1.53007586839484,0.0382858051299594,patch_1,371
1.51517262009388,-0.0841725397038067,patch_1,372
1.39547258802738,-0.169092967194972,patch_1,373
1.19785073739294,-0.181526789853759,patch_1,374
1.09020445756294,-0.052372459244321,patch_1,375
1.06177437679755,0.0743428215944477,patch_1,376
1.0914156956586,0.219242331980055,patch_1,377
1.16134468528996,0.315502408566346,patch_1,378
1.30095739497208,0.350168313706567,patch_1,379
1.40798043044161,0.310504067838039,patch_1,380
1.41986769507727,0.238200897668916,patch_1,381
1.390488028677,0.181672171963365,patch_1,382
1.3274128073364,0.125364078586772,patch_1,383
1.29472868938064,0.128601508666108,patch_1,384
1.25329498975864,0.177789689901456,patch_1,385
1.22562707651382,0.284542704779684,patch_1,386
1.2430906765108,0.387511515268235,patch_1,387
1.30373277295865,0.430067483940777,patch_1,388
1.3868999274115,0.450756674324164,patch_1,389
1.40533394885908,0.389503303062646,patch_1,390
1.34724955963519,0.294436660843442,patch_1,391
1.22185947695596,0.249340560497583,patch_1,392
1.16160919185863,0.317177929865679,patch_1,393
1.1427960325223,0.366298932131145,patch_1,394
1.16693093557018,0.358558894714615,patch_1,395
1.16442895997715,0.38679551999925,patch_1,396
1.17222391245091,0.440194510258853,patch_1,397
1.16873674058657,0.510298606462455,patch_1,398
1.20808401526261,0.535934838082175,patch_1,399
1.28431838182038,0.553964405769253,patch_1,400
1.36278328497164,0.51624769851623,patch_1,401
1.46148584597168,0.427040015935613,patch_1,402
1.47234050441148,0.337448618218398,patch_1,403
1.43080609193165,0.279861194418534,patch_1,404
1.32775099156415,0.285272557876831,patch_1,405
1.25824909523758,0.357857990343484,patch_1,406
1.284491175732,0.398273522726883,patch_1,407
1.31332828565519,0.429076897831434,patch_1,408
1.35161005624154,0.449374502275847,patch_1,409
1.41659253101875,0.425252079629811,patch_1,410
1.49950330948336,0.397250116611708,patch_1,411
1.51282588665046,0.342750487347814,patch_1,412
1.49259943435585,0.327143261536124,patch_1,413
1.47691349138414,0.308307675790345,patch_1,414
1.51701959748034,0.315515985056839,patch_1,415
1.54872236213578,0.269153083652019,patch_1,416
1.5481403931269,0.237578584240975,patch_1,417
1.53049531706369,0.248371430429444,patch_1,418
1.55398625147281,0.279441431346896,patch_1,419
1.55755536865985,0.250643988197055,patch_1,420
1.53502494292982,0.271969280048174,patch_1,421
1.49279946587524,0.249137483462496,patch_1,422
1.51005908705839,0.264809301901152,patch_1,423
1.51215081307533,0.249004730975315,patch_1,424
1.5651072840827,0.257207757338005,patch_1,425
1.55204978906868,0.215964837454848,patch_1,426
1.54107022652125,0.214017177235782,patch_1,427
1.51440672666765,0.206831987261455,patch_1,428
1.4757780228126,0.220571849833048,patch_1,429
1.45913254914093,0.202700997921913,patch_1,430
1.45921355345398,0.166265287646576,patch_1,431
1.42606712011022,0.152481109360819,patch_1,432
1.38682563252301,0.180048467481727,patch_1,433
1.36688564195129,0.17412025625065,patch_1,434
1.36488997695985,0.225279197500704,patch_1,435
1.43867225515268,0.243766179043766,patch_1,436
1.51738567482134,0.232155688212382,patch_1,437
1.53574015940377,0.164297775233346,patch_1,438
1.54625227300266,0.155805965027104,patch_1,439
1.57454313279442,0.127533688908032,patch_1,440
1.58271279161241,0.159462946162824,patch_1,441
1.60077792154604,0.140734495266734,patch_1,442
1.6044843380016,0.149690594571258,patch_1,443
1.65912853931676,0.17354012403055,patch_1,444
1.65816547038101,0.129777014214455,patch_1,445
1.59082280134961,0.14400296424863,patch_1,446
1.57903468590666,0.169382461865685,patch_1,447
1.53774937372421,0.1671694535015,patch_1,448
1.4717449560675,0.202489080937784,patch_1,449
1.39884896958152,0.278632689386868,patch_1,450
1.41718573165186,0.424934932104481,patch_1,451
1.42353971927031,0.524608119577972,patch_1,452
1.43710465012269,0.596091644159869,patch_1,453
1.54187035318045,0.663442633158889,patch_1,454
1.66772356568751,0.674686042154035,patch_1,455
1.70579426112207,0.611270959439324,patch_1,456
1.72199671269429,0.540293802766629,patch_1,457
1.66705017392949,0.468641995013685,patch_1,458
1.58553008114203,0.404188610093495,patch_1,459
1.47807560309378,0.424751003320014,patch_1,460
1.4486459004162,0.521393663806816,patch_1,461
1.46159703662273,0.693914085675177,patch_1,462
1.5702689009654,0.822186394716277,patch_1,463
1.76260077225505,0.819313901913291,patch_1,464
1.95325065432577,0.703517172679097,patch_1,465
2.00848743655697,0.508047419258157,patch_1,466
1.94820078802669,0.299303441463645,patch_1,467
1.73490490719157,0.185884314409449,patch_1,468
1.55299378724553,0.197590261196115,patch_1,469
1.44442799438781,0.35468493036113,patch_1,470
1.45725294772719,0.533299081227166,patch_1,471
1.553060463608,0.612250975412275,patch_1,472
1.67224044052638,0.623167166773615,patch_1,473
1.76257350241258,0.559256271344348,patch_1,474
1.75630672277553,0.469533091321334,patch_1,475
1.71132388659923,0.484291666728714,patch_1,476
1.66550343587966,0.430845840262204,patch_1,477
1.59628009504397,0.433440987082999,patch_1,478
1.52524242167677,0.456088004291607,patch_1,479
1.4338422974928,0.564108379924012,patch_1,480
1.41545363249191,0.650571602335912,patch_1,481
1.4721781810198,0.767424277902521,patch_1,482
1.6089574832161,0.8356918286414,patch_1,483
1.72176129651047,0.766727702644743,patch_1,484
1.80881783966829,0.628794069660651,patch_1,485
1.75622224548932,0.517285618185817,patch_1,486
1.58550094927727,0.513620088418142,patch_1,487
1.47420795027041,0.57206034476336,patch_1,488
1.43801049054631,0.674551412261227,patch_1,489
1.47620320456574,0.752765277905143,patch_1,490
1.58186835690614,0.786742291919608,patch_1,491
1.73435136925284,0.736982611740987,patch_1,492
1.76188450390021,0.628370091501187,patch_1,493
1.72899039334812,0.557140746525384,patch_1,494
1.61635519356294,0.556466998345858,patch_1,495
1.50862052153736,0.615879581592022,patch_1,496
1.46127763331408,0.742755437302501,patch_1,497
1.49468096008343,0.879712694813117,patch_1,498
1.55826178031924,0.899688230663275,patch_1,499
1.66464350604273,0.859869723592622,patch_1,500
1.73745523707949,0.792767782607268,patch_1,501
1.75009466252771,0.698413111197928,patch_1,502
1.73618187786309,0.637236677917817,patch_1,503
1.69185235153388,0.593729913675643,patch_1,504
1.66077498525909,0.553786275227731,patch_1,505
1.5956942251795,0.548150606204006,patch_1,506
1.57446794474336,0.499389960790812,patch_1,507
1.57331578029149,0.493416282153562,patch_1,508
1.56018439909105,0.513131894228457,patch_1,509
1.59975251227093,0.523195443784541,patch_1,510
1.63313530874892,0.532811699655317,patch_1,511
1.65886975794197,0.545030365891022,patch_1,512
1.6964599348514,0.621997230428082,patch_1,513
1.80066604002889,0.632744669312827,patch_1,514
1.91233805239918,0.606339944000616,patch_1,515
2.01200843292979,0.54299178281612,patch_1,516
2.03767782423107,0.437424252326547,patch_1,517
1.97846532953045,0.375796496936265,patch_1,518
1.92353930546658,0.350882278164976,patch_1,519
1.88326281136263,0.354498756141785,patch_1,520
1.85725399024585,0.425427597054379,patch_1,521
1.91869476575384,0.502596153151852,patch_1,522
2.01964531441409,0.517323904950545,patch_1,523
2.05933034819597,0.444529462002315,patch_1,524
2.09090376013251,0.400551245752428,patch_1,525
2.13187064321207,0.258474838791151,patch_1,526
2.11631472671055,0.118649767643628,patch_1,527
2.02654461261631,0.0262615516192629,patch_1,528
1.88377108100216,0.0234660822061292,patch_1,529
1.79858204325611,0.0871005908932414,patch_1,530
1.76160982278204,0.177320393747727,patch_1,531
1.72658170466705,0.250115356172988,patch_1,532
1.76370640258367,0.332056913074043,patch_1,533
1.85800081119477,0.349432416701256,patch_1,534
1.94292091674621,0.297973130584742,patch_1,535
1.94592044590803,0.234060760436934,patch_1,536
1.91763687382321,0.234619291432137,patch_1,537
1.95131542371592,0.200316828447525,patch_1,538
1.94399759016938,0.142280963270185,patch_1,539
1.91776168471745,0.0943590802307877,patch_1,540
1.85459263535604,0.0941600977861276,patch_1,541
1.83348604990983,0.085685647499479,patch_1,542
1.79882119339274,0.151683783459297,patch_1,543
1.76782729855034,0.254255042556967,patch_1,544
1.74921507177921,0.336175428668055,patch_1,545
1.78644531084767,0.440061088572471,patch_1,546
1.85552898415553,0.476903359729672,patch_1,547
1.97224772019196,0.469266092886682,patch_1,548
2.08467213960706,0.399060751997465,patch_1,549
2.13991816790674,0.292756273951938,patch_1,550
2.13155384014905,0.248829347193937,patch_1,551
2.08857854112387,0.202616909898686,patch_1,552
2.04335543544377,0.200837097059193,patch_1,553
2.03486822841055,0.193535517794765,patch_1,554
2.01092672526337,0.177801824363027,patch_1,555
2.01337951044249,0.182354102967347,patch_1,556
2.05890655113197,0.175078465265034,patch_1,557
2.0548325067331,0.121087325452809,patch_1,558
2.03900989606431,0.0756354619443311,patch_1,559
2.02019945066646,0.0222072064466937,patch_1,560
2.00775618609785,-0.0347397594999871,patch_1,561
1.92996091384996,-0.0944903132883834,patch_1,562
1.81576962510526,-0.0146752734865423,patch_1,563
1.79751562152076,0.0748008800929727,patch_1,564
1.79937520931268,0.140719288249714,patch_1,565
1.85940845625693,0.166072632519802,patch_1,566
1.85235615078523,0.12572631654143,patch_1,567
1.78074420828185,0.10332470975585,patch_1,568
1.67542248600629,0.144399047901526,patch_1,569
1.6363139023229,0.198178613786238,patch_1,570
1.62569555110309,0.271630579100834,patch_1,571
1.63789131495902,0.330455526297863,patch_1,572
1.64642596653935,0.352740704476707,patch_1,573
1.67089161925106,0.331795641720455,patch_1,574
1.7076368541759,0.32855591052256,patch_1,575
1.69766594968568,0.311822808668993,patch_1,576
1.7252655953616,0.291420957742893,patch_1,577
1.73564042986364,0.295113284256745,patch_1,578
1.7776400886735,0.283508213296945,patch_1,579
1.79835063048914,0.221814519833722,patch_1,580
1.81094104481402,0.154407768649776,patch_1,581
1.77678682307023,0.0675819348757254,patch_1,582
1.67238408242884,0.00356522359361862,patch_1,583
1.54925967718668,0.0245363376978243,patch_1,584
1.42727148129851,0.202185477543086,patch_1,585
1.42723646842651,0.386096831404883,patch_1,586
1.5424396269385,0.523875499733887,patch_1,587
1.65929543329914,0.55215619580877,patch_1,588
1.78261326454685,0.42404234139455,patch_1,589
1.77935476319869,0.267557283791455,patch_1,590
1.67557376475725,0.143444615024573,patch_1,591
1.54582240237408,0.124869231068065,patch_1,592
1.49571585919027,0.197055948488611,patch_1,593
1.52149625944949,0.250560935041227,patch_1,594
1.58064847275086,0.294565995918311,patch_1,595
1.67519068235218,0.235149912925124,patch_1,596
1.67039342987299,0.1094875914281,patch_1,597
1.57389098695613,0.0110882037942199,patch_1,598
1.46702520340564,0.0177352078577667,patch_1,599
1.40999208853358,0.0923353562878486,patch_1,600
1.40999208853358,0.096716831849365,transit,600
1.8099929675854,0.347717618066463,transit,622.222222222222
2.20999384663723,0.618002395278676,transit,644.444444444445
2.60999472568905,0.888122468525458,transit,666.666666666667
3.00999560474088,1.16518636312592,transit,688.888888888889
3.4099964837927,1.43063222742837,transit,711.111111111111
3.80999736284453,1.70126392882895,transit,733.333333333333
4.20999824189635,1.95373794262588,transit,755.555555555556
4.60999912094818,2.2361851178299,transit,777.777777777778
5.01,2.5,patch_2,800
5.01,2.51280675868885,transit,800
4.94003847916632,2.50639300108512,patch_2,801
4.92929892396162,2.52594502379056,patch_2,802
4.93731106967079,2.52996537150047,patch_2,803
4.9090074138077,2.48550554171147,patch_2,804
4.84851546731936,2.4496538908882,patch_2,805
4.80906750219162,2.47059701757033,patch_2,806
4.8703933410235,2.47636994377678,patch_2,807
4.94110214888225,2.45235318043728,patch_2,808
4.96453884629274,2.36691271672651,patch_2,809
4.95090915923651,2.23457747413333,patch_2,810
4.85763613811985,2.07941754458367,patch_2,811
4.70755759792104,2.02944787371625,patch_2,812
4.59427848003679,2.07940706224577,patch_2,813
4.53340633745073,2.262597871918,patch_2,814
4.60961023564395,2.42054546370437,patch_2,815
4.76566344239983,2.47187412226075,patch_2,816
4.92607235601933,2.39255524926081,patch_2,817
4.97798573862343,2.28424663052638,patch_2,818
4.96801525178258,2.24461781239942,patch_2,819
4.95158602955361,2.27720803494174,patch_2,820
4.95438263163166,2.33479303454562,patch_2,821
4.96567032210853,2.36122756845959,patch_2,822
4.98953698338929,2.35714246693006,patch_2,823
4.93909881440439,2.40551876629885,patch_2,824
4.97840986606032,2.44912767758892,patch_2,825
4.99591514941385,2.44591148620988,patch_2,826
4.97080039614226,2.49290441780847,patch_2,827
5.00443744347492,2.49657142253096,patch_2,828
5.03316961962935,2.50880993696343,patch_2,829
5.04098277819383,2.56128306307387,patch_2,830
5.07807607119307,2.56674501124508,patch_2,831
5.08201548804822,2.57119403796848,patch_2,832
5.08721216044617,2.57335044862783,patch_2,833
5.13206221808509,2.50071062993588,patch_2,834
5.07366007887597,2.42756090509569,patch_2,835
5.00089098348286,2.46211595985768,patch_2,836
4.95421374999386,2.5487856115681,patch_2,837
4.97093166329402,2.66317126120225,patch_2,838
5.02860012821734,2.79150759807291,patch_2,839
5.13574835641449,2.84214216466317,patch_2,840
5.20925405471261,2.78393972205871,patch_2,841
5.24620556119981,2.64612977293841,patch_2,842
5.25609719766328,2.51392888601454,patch_2,843
5.17354476405199,2.3922515835201,patch_2,844
5.06511002515859,2.35820072816677,patch_2,845
4.92072984299583,2.35817036679622,patch_2,846
4.78467121971463,2.47047948101561,patch_2,847
4.702657076072,2.61767947368084,patch_2,848
4.66343341728752,2.71254746989272,patch_2,849
4.68932556395286,2.80478928001811,patch_2,850
4.79624261956006,2.86330349864797,patch_2,851
4.89894251342569,2.85054005881644,patch_2,852
4.94074874278188,2.79572522486201,patch_2,853
4.97693479967653,2.78576152790133,patch_2,854
4.97310747192173,2.81886953223999,patch_2,855
4.96971519746866,2.79258292113504,patch_2,856
4.95411913375467,2.71509580871557,patch_2,857
4.8836694288808,2.64511333482095,patch_2,858
4.80129519367559,2.64740563900082,patch_2,859
4.80652144411768,2.70434941754658,patch_2,860
4.87623642311805,2.72234687504607,patch_2,861
4.90304466140172,2.7015412366288,patch_2,862
4.89639859180579,2.65658785109271,patch_2,863
4.90649309113591,2.69402691371476,patch_2,864
4.95139088853183,2.69269347970206,patch_2,865
5.00054126204594,2.73057357331115,patch_2,866
5.00161082859982,2.77112747607257,patch_2,867
4.99664318810762,2.77729097536114,patch_2,868
4.96847331704408,2.76304275518724,patch_2,869
4.9497911120024,2.7723240022566,patch_2,870
4.94014824096953,2.77047936784973,patch_2,871
4.92261191847904,2.77546741279857,patch_2,872
4.97745420243737,2.72481575119572,patch_2,873
4.99376534397936,2.66078765699225,patch_2,874
4.98971116826549,2.5935782684062,patch_2,875
4.97593257432578,2.58796934928957,patch_2,876
4.97197322700755,2.59005700360903,patch_2,877
4.94381574382209,2.60167399160854,patch_2,878
4.95024702880776,2.5997405846547,patch_2,879
4.94396152409588,2.58091489484375,patch_2,880
4.9835521944029,2.55910970406359,patch_2,881
4.97829495814939,2.50535677604546,patch_2,882
4.95646090653431,2.45198848796998,patch_2,883
4.94244981731183,2.43523977766038,patch_2,884
4.90073178034315,2.42131097718787,patch_2,885
4.85488772624231,2.40337655696332,patch_2,886
4.78814169571858,2.40426212332036,patch_2,887
4.71122408696279,2.45525594150115,patch_2,888
4.6517950780158,2.50229628465236,patch_2,889
4.61133835942734,2.61571890670323,patch_2,890
4.6821226071005,2.71451053819123,patch_2,891
4.828575128695,2.80184274231096,patch_2,892
5.03120553180842,2.82759805639117,patch_2,893
5.13366257414873,2.70822440685678,patch_2,894
5.18953111853819,2.57233688967587,patch_2,895
5.1842656574025,2.43854117622943,patch_2,896
5.08428066379839,2.32994269550526,patch_2,897
4.9825453954593,2.32629002616737,patch_2,898
4.88051690832269,2.41609706321061,patch_2,899
4.88373771867492,2.52940897399949,patch_2,900
4.93002998345331,2.54156279763015,patch_2,901
5.00916354427057,2.57646350530004,patch_2,902
5.07436970379273,2.52930742307325,patch_2,903
5.14547871028268,2.47349295146608,patch_2,904
5.17351128406713,2.42851790562931,patch_2,905
5.17690273270698,2.35812563213204,patch_2,906
5.1658395524803,2.29824180335178,patch_2,907
5.10067405888148,2.26063549188682,patch_2,908
5.02629087982687,2.26055721020186,patch_2,909
4.9597559875563,2.33619776812735,patch_2,910
4.9057104447038,2.47160282284554,patch_2,911
4.9452540935828,2.59080149667678,patch_2,912
5.05453255416914,2.67057504119646,patch_2,913
5.17845012185293,2.65275149690071,patch_2,914
5.2594482811807,2.53417753689098,patch_2,915
5.25316934448362,2.40071303637241,patch_2,916
5.13192110476867,2.27183910648637,patch_2,917
4.9661925042467,2.29420707440107,patch_2,918
4.83740191645959,2.40774451113193,patch_2,919
4.72856366240772,2.59738218160545,patch_2,920
4.69991693147403,2.86297176148655,patch_2,921
4.83720762271034,3.04719162623704,patch_2,922
5.07520049853601,3.05973756114927,patch_2,923
5.21401737793922,2.92216015358894,patch_2,924
5.26404963811127,2.74039749522419,patch_2,925
5.2008270917888,2.580534458159,patch_2,926
5.02394909424874,2.55510676223131,patch_2,927
4.84524552971153,2.64320827626546,patch_2,928
4.76655057271539,2.8033007829974,patch_2,929
4.87720944440575,2.98576172202246,patch_2,930
5.00449119381719,3.04790083438674,patch_2,931
5.15102195668311,3.05673890212299,patch_2,932
5.256703022116,2.9932548473615,patch_2,933
5.27869385267703,2.96202781519659,patch_2,934
5.25662102832717,2.85644848664129,patch_2,935
5.17627776257823,2.83439874431384,patch_2,936
5.12939448225719,2.89459700145513,patch_2,937
5.05563171625039,2.94660421235418,patch_2,938
5.06548580980237,2.98500072119066,patch_2,939
5.0964006154873,2.94909005614387,patch_2,940
5.07117985194978,2.84017365492022,patch_2,941
5.00382127165714,2.74638054567314,patch_2,942
4.86994002834194,2.73018814082067,patch_2,943
4.74962203090961,2.80913230888924,patch_2,944
4.74187625561408,2.9438306439807,patch_2,945
4.80524927633858,3.02039061808791,patch_2,946
4.94176952845923,3.10835564544761,patch_2,947
5.11973189293103,3.06532594695664,patch_2,948
5.21511704073192,3.00187860106232,patch_2,949
5.27191662594695,2.87234050498691,patch_2,950
5.21262344787611,2.74889801449438,patch_2,951
5.09775922530314,2.70698531748277,patch_2,952
5.00831502542416,2.77764194402455,patch_2,953
4.99294672067765,2.88108527505669,patch_2,954
5.00349410364745,3.03328781917012,patch_2,955
5.08653701533195,3.1222927078177,patch_2,956
5.20253126465305,3.05170718504543,patch_2,957
5.26876330171301,2.9414734441657,patch_2,958
5.26862232382982,2.79952222440528,patch_2,959
5.16009061640581,2.68411948265501,patch_2,960
4.96999835074417,2.62111605048232,patch_2,961
4.87390651957097,2.65145599876288,patch_2,962
4.87523533941411,2.71083670156835,patch_2,963
4.87564753932605,2.77020053006344,patch_2,964
4.93402076034327,2.82774745635333,patch_2,965
5.05572625049846,2.83226185889715,patch_2,966
5.16331425000629,2.72303098586631,patch_2,967
5.16686627952911,2.6225753713997,patch_2,968
5.08955804649925,2.51659767927448,patch_2,969
4.98459222226195,2.45196295939338,patch_2,970
4.87041777212067,2.46452985859639,patch_2,971
4.77865995250671,2.50206896285334,patch_2,972
4.69280213184985,2.51578748712873,patch_2,973
4.67776011015028,2.61522122734877,patch_2,974
4.73251556977505,2.63825075862088,patch_2,975
4.80258160904707,2.58481852759979,patch_2,976
4.79159381110369,2.47195129421017,patch_2,977
4.68846981466276,2.35535150390448,patch_2,978
4.55808926373797,2.33900521870734,patch_2,979
4.48429270522921,2.37848231860611,patch_2,980
4.45323269288722,2.4241241365814,patch_2,981
4.46634677778378,2.4864687793043,patch_2,982
4.52750980842745,2.50804770467754,patch_2,983
4.58710445651584,2.47996308835165,patch_2,984
4.59216765039376,2.46166798628214,patch_2,985
4.53928017087472,2.46098628107787,patch_2,986
4.52164281477423,2.46648822840741,patch_2,987
4.47796019041076,2.4154443689306,patch_2,988
4.43134883588542,2.39096134504582,patch_2,989
4.34988003543689,2.39612633048086,patch_2,990
4.28382749888523,2.47320985713781,patch_2,991
4.27530024215158,2.5503152817116,patch_2,992
4.31799978802117,2.59333965720158,patch_2,993
4.3086460913403,2.5984953132616,patch_2,994
4.27988827355904,2.6088214384983,patch_2,995
4.21627384684341,2.65768454063054,patch_2,996
4.19496700630912,2.7627024185913,patch_2,997
4.23695322852496,2.87577179831677,patch_2,998
4.34564896982767,2.85379364726248,patch_2,999
4.39995103688932,2.77563514206243,patch_2,1000
4.38140605972076,2.70800310630691,patch_2,1001
4.33958607296554,2.58527633823797,patch_2,1002
4.23439148709369,2.50614197898546,patch_2,1003
4.09783290860694,2.52774264773534,patch_2,1004
4.02939635499263,2.60838759159802,patch_2,1005
4.02392249024714,2.766395483023,patch_2,1006
4.1513150287212,2.8339619584621,patch_2,1007
4.29248329726863,2.79917902535226,patch_2,1008
4.34972490663517,2.70559819328467,patch_2,1009
4.31890964406209,2.64563242138508,patch_2,1010
4.20385912979543,2.65276186129976,patch_2,1011
4.16607718535759,2.76315039952277,patch_2,1012
4.24352304140989,2.87471479617165,patch_2,1013
4.39924891161092,2.92956567974867,patch_2,1014
4.48671766664943,2.91757258004385,patch_2,1015
4.55247789582228,2.8767342613447,patch_2,1016
4.55920430054419,2.86102388205574,patch_2,1017
4.54764455451963,2.8591476677659,patch_2,1018
4.54673369712359,2.8460197975023,patch_2,1019
4.54493208124165,2.80447794796519,patch_2,1020
4.58910761905524,2.75250145195127,patch_2,1021
4.59435844372841,2.63539500225017,patch_2,1022
4.55942217228461,2.57511740481198,patch_2,1023
4.49814268615014,2.51070762383393,patch_2,1024
4.43592996519661,2.55483462410213,patch_2,1025
4.41054849840882,2.67286186638822,patch_2,1026
4.45281970609878,2.76137183007273,patch_2,1027
4.56741606629426,2.83415697799977,patch_2,1028
4.72269806554161,2.85748969298763,patch_2,1029
4.85404514016574,2.81976768711786,patch_2,1030
4.93796962973341,2.72314188253474,patch_2,1031
4.99199595519992,2.6140335345252,patch_2,1032
4.95986954387438,2.52910715051965,patch_2,1033
4.87614484752563,2.53315688615408,patch_2,1034
4.8421651119955,2.57204824284799,patch_2,1035
4.84102152848283,2.59298645407414,patch_2,1036
4.85372587749853,2.58033241061967,patch_2,1037
4.87916916178137,2.54761073514863,patch_2,1038
4.86544923182839,2.51468185395606,patch_2,1039
4.81818211310071,2.50718518163659,patch_2,1040
4.78965531583887,2.56009837252423,patch_2,1041
4.78254401177654,2.59157956792614,patch_2,1042
4.77205536191366,2.66208402579853,patch_2,1043
4.82360337828436,2.71732224299697,patch_2,1044
4.88619509978232,2.69170937289751,patch_2,1045
4.88698827231948,2.63252244444175,patch_2,1046
4.85232162517639,2.58352145181345,patch_2,1047
4.74190089566373,2.61084938531112,patch_2,1048
4.66732084446693,2.67957617795583,patch_2,1049
4.697322935787,2.77619571220535,patch_2,1050
4.79423979444457,2.84519281376594,patch_2,1051
4.8734409242322,2.87039493282229,patch_2,1052
4.92971106914052,2.82608328650161,patch_2,1053
4.95263654299166,2.78950864035361,patch_2,1054
4.89155957021896,2.77055404000716,patch_2,1055
4.82419963963144,2.78635730988298,patch_2,1056
4.773164587369,2.82614283967014,patch_2,1057
4.76828250175552,2.91690131042899,patch_2,1058
4.84424416993983,2.99797889325125,patch_2,1059
5.00661027946735,3.08530851782208,patch_2,1060
5.13536815085457,3.04873650612129,patch_2,1061
5.19324843201787,2.93547816406342,patch_2,1062
5.20952768714711,2.81344618727265,patch_2,1063
5.16227580431337,2.70929613649586,patch_2,1064
5.10310910343501,2.6138583232095,patch_2,1065
4.98969248835522,2.51797079260636,patch_2,1066
4.86899094067221,2.50529378121323,patch_2,1067
4.77994760891359,2.6178188748517,patch_2,1068
4.82984505187782,2.71363112142805,patch_2,1069
4.88761960841112,2.72975404181066,patch_2,1070
4.94822754077427,2.66870743868855,patch_2,1071
4.97512192239069,2.61493321676952,patch_2,1072
4.95768957087156,2.5314486843523,patch_2,1073
4.93691586085993,2.49896139001956,patch_2,1074
4.90670922332631,2.50514904753964,patch_2,1075
4.88929327589157,2.53182936308356,patch_2,1076
4.87789841232177,2.53483920681423,patch_2,1077
4.89623372508918,2.56503515060532,patch_2,1078
4.94417042226303,2.60620077963201,patch_2,1079
5.01793472128775,2.65882797298029,patch_2,1080
5.18146025617496,2.6539555660941,patch_2,1081
5.31924182601383,2.55335057656525,patch_2,1082
5.41310506936026,2.39892973817988,patch_2,1083
5.40353659359143,2.22594538406473,patch_2,1084
5.30469001893695,2.10329108963357,patch_2,1085
5.1265705397622,2.04914665243975,patch_2,1086
5.00182646263493,2.11738392120185,patch_2,1087
4.9588478382068,2.23772409110368,patch_2,1088
4.95808275445504,2.29319238097825,patch_2,1089
4.93584655186613,2.3642378671223,patch_2,1090
4.94052811990679,2.40310303965095,patch_2,1091
4.95077482891787,2.42660988720269,patch_2,1092
4.99687662734077,2.46866885759635,patch_2,1093
5.02180510619194,2.48951836557403,patch_2,1094
5.04634967261561,2.52164999719881,patch_2,1095
5.08502392571302,2.51932022122474,patch_2,1096
5.09588542175496,2.51488501127405,patch_2,1097
5.13215195531533,2.49817404630385,patch_2,1098
5.13465763569319,2.45600598908432,patch_2,1099
5.04484811379303,2.43421888414636,patch_2,1100
4.96722868039469,2.47333817831641,patch_2,1101
4.95056073504267,2.56487584926719,patch_2,1102
5.02472331263086,2.6400368492201,patch_2,1103
5.0750484414652,2.6261888558361,patch_2,1104
5.11793027546699,2.61245199724815,patch_2,1105
5.10210546349288,2.56183768169093,patch_2,1106
5.02508624000981,2.49544758245284,patch_2,1107
4.87588551148721,2.51803009435069,patch_2,1108
4.80255143711131,2.59664527421571,patch_2,1109
4.79267844952178,2.71428344362041,patch_2,1110
4.84190345669774,2.80177604256858,patch_2,1111
4.9288183534092,2.92183761826363,patch_2,1112
5.04297346165852,3.01273339148353,patch_2,1113
5.21871113071857,2.99714172388212,patch_2,1114
5.33954558215896,2.8846923036931,patch_2,1115
5.33254180984402,2.80341583858915,patch_2,1116
5.29596914305164,2.72584677138251,patch_2,1117
5.272677329395,2.74004153128979,patch_2,1118
5.31724459972948,2.77226716658453,patch_2,1119
5.42635613956287,2.76478004538565,patch_2,1120
5.44431126204559,2.70812420176833,patch_2,1121
5.41603416513721,2.60532456261963,patch_2,1122
5.24551914607544,2.50889419366742,patch_2,1123
5.08562717206875,2.54418141294812,patch_2,1124
5.03620031976175,2.61216553602213,patch_2,1125
5.01687090593948,2.71389692166904,patch_2,1126
5.06612867029487,2.75520939270294,patch_2,1127
5.1449293607001,2.80442068387647,patch_2,1128
5.17655441800686,2.79256044437926,patch_2,1129
5.18951026453532,2.78638143323709,patch_2,1130
5.20013071455001,2.79783597274064,patch_2,1131
5.23377856896929,2.77670082575415,patch_2,1132
5.13218574614508,2.79442077171446,patch_2,1133
5.08458372054826,2.9081357188514,patch_2,1134
5.15146109011544,3.03665486864096,patch_2,1135
5.30380118799017,3.02231149353243,patch_2,1136
5.42369062667574,2.9631139043304,patch_2,1137
5.4459126535209,2.86364505702829,patch_2,1138
5.42049357813798,2.80538506508844,patch_2,1139
5.36628370799205,2.82933250945754,patch_2,1140
5.37232890950216,2.88733520322846,patch_2,1141
5.3866900918925,2.94048873918091,patch_2,1142
5.40645376466663,3.02967437177885,patch_2,1143
5.46285287352173,3.07316371028365,patch_2,1144
5.58239840367039,3.07348093458931,patch_2,1145
5.64496529661169,2.9839382752926,patch_2,1146
5.62058513630153,2.88089769557099,patch_2,1147
5.61107989335766,2.79750039281315,patch_2,1148
5.54371213516912,2.75397001742026,patch_2,1149
5.49440516225133,2.72174531290649,patch_2,1150
5.38591018232989,2.75807580456319,patch_2,1151
5.29808502845366,2.8452101443852,patch_2,1152
5.28830553462429,2.99384556254529,patch_2,1153
5.34986633001376,3.08850081860814,patch_2,1154
5.42554833666581,3.07065573220097,patch_2,1155
5.5003093347308,3.03357210365331,patch_2,1156
5.55992824899323,2.91328034597183,patch_2,1157
5.51529460183069,2.79523404002932,patch_2,1158
5.49241811514694,2.75112237112864,patch_2,1159
5.479279500472,2.7601295098044,patch_2,1160
5.44485986899645,2.79260303241131,patch_2,1161
5.46952787278911,2.80696034316231,patch_2,1162
5.50857731867798,2.84238273947856,patch_2,1163
5.51381583439208,2.82807168048748,patch_2,1164
5.54084332946847,2.8001491181732,patch_2,1165
5.56368971305968,2.75649068327912,patch_2,1166
5.54585112838169,2.76668759124119,patch_2,1167
5.56385640595218,2.84837894221363,patch_2,1168
5.55885743007342,2.95205363317548,patch_2,1169
5.62063385053288,3.0221827145602,patch_2,1170
5.73357988900084,3.04286570487459,patch_2,1171
5.83294485768943,2.99805524990482,patch_2,1172
5.91331178989874,2.96075222462099,patch_2,1173
5.93925680200833,2.8844684459909,patch_2,1174
5.88332005480054,2.7987139161651,patch_2,1175
5.77338086519431,2.77560799423515,patch_2,1176
5.69157312974291,2.83272063235141,patch_2,1177
5.7102480265421,2.92112075773105,patch_2,1178
5.82187575378374,2.94131418382692,patch_2,1179
5.88864416773549,2.87804015430905,patch_2,1180
5.84697411255238,2.83180225188688,patch_2,1181
5.80377901342285,2.81905646979733,patch_2,1182
5.77326860567939,2.83630529532158,patch_2,1183
5.72677571974187,2.85944302481051,patch_2,1184
5.6870534131126,2.88230125344791,patch_2,1185
5.72579318564298,2.9033059296825,patch_2,1186
5.77605831266356,2.91370384573611,patch_2,1187
5.81041664868624,2.91235151435665,patch_2,1188
5.74522153121871,2.85224900835671,patch_2,1189
5.64317905319743,2.86941267939053,patch_2,1190
5.60920005692041,2.97180343892884,patch_2,1191
5.64289331143223,3.04363617708841,patch_2,1192
5.70670164097349,3.10037247535004,patch_2,1193
5.71534930116644,3.15421018775483,patch_2,1194
5.75409118972118,3.16154908706621,patch_2,1195
5.77577877235174,3.13791286831277,patch_2,1196
5.74345393381204,3.06651461462715,patch_2,1197
5.62316871161414,3.09590754212588,patch_2,1198
5.53159492506162,3.16160598005757,patch_2,1199
5.51509013980477,3.30166115480586,patch_2,1200
5.60777310524896,3.40152579653512,patch_2,1201
5.70719528346256,3.48791371743108,patch_2,1202
5.81790182668475,3.49187284939773,patch_2,1203
5.89981745366797,3.39132677345096,patch_2,1204
5.88482304905369,3.27646942638741,patch_2,1205
5.86614589138142,3.24490156482639,patch_2,1206
5.78307946994075,3.23992943838947,patch_2,1207
5.74385483760749,3.32808641068108,patch_2,1208
5.74529106646626,3.45658457572431,patch_2,1209
5.84649403831395,3.5668694614663,patch_2,1210
5.9423108471637,3.56930370710037,patch_2,1211
5.94311347459286,3.51069637232622,patch_2,1212
5.87871421394191,3.46656377195995,patch_2,1213
5.79532472848762,3.50160064528039,patch_2,1214
5.77609297248404,3.57895852852713,patch_2,1215
5.78711001226279,3.59882689671737,patch_2,1216
5.80149540266507,3.61063013388237,patch_2,1217
5.80367985479396,3.58237370199453,patch_2,1218
5.77617574820271,3.59124504469152,patch_2,1219
5.72595480248826,3.58906144277662,patch_2,1220
5.65442669619545,3.63686869821316,patch_2,1221
5.68250659611003,3.72107637794743,patch_2,1222
5.7796887130295,3.79108717642667,patch_2,1223
5.87906734615165,3.83322094734862,patch_2,1224
5.99990374627538,3.80937221799377,patch_2,1225
6.03295523186976,3.72538240205425,patch_2,1226
5.96310426425803,3.67997370109628,patch_2,1227
5.84236720462774,3.67933573785402,patch_2,1228
5.73814373296607,3.76474708076459,patch_2,1229
5.6833544310766,3.88686863888239,patch_2,1230
5.71921645434259,3.99120341545619,patch_2,1231
5.78842683355884,4.0815135458514,patch_2,1232
5.86586979760508,4.09911542504525,patch_2,1233
5.88618850875618,4.00997634996218,patch_2,1234
5.89229772204904,3.90912128718984,patch_2,1235
5.81627322982091,3.88898896107656,patch_2,1236
5.71814250142915,3.91408150634933,patch_2,1237
5.6702150295205,3.9697478889185,patch_2,1238
5.63903267033703,4.03615805892677,patch_2,1239
5.66469082615676,4.07676571924713,patch_2,1240
5.6554078050285,4.0601247856676,patch_2,1241
5.54540529761105,4.0077983006039,patch_2,1242
5.43518732012841,4.03737346347955,patch_2,1243
5.32417939144913,4.09680605412667,patch_2,1244
5.297425578004,4.20392687553276,patch_2,1245
5.32182759948104,4.2966560175898,patch_2,1246
5.43589437483723,4.39650224715027,patch_2,1247
5.55744121277205,4.36132727933826,patch_2,1248
5.63144018411835,4.2463848323671,patch_2,1249
5.59450276700902,4.14113831401524,patch_2,1250
5.54928218382805,4.09359594593689,patch_2,1251
5.5095864994143,4.13122640120753,patch_2,1252
5.52372610093709,4.1840050264578,patch_2,1253
5.58221382097629,4.17335555655521,patch_2,1254
5.52759435401483,4.14276638141222,patch_2,1255
5.44233816631711,4.16435127924606,patch_2,1256
5.3882901127108,4.25263553525268,patch_2,1257
5.3937416758774,4.31565059878413,patch_2,1258
5.40775164664241,4.32265461238701,patch_2,1259
5.44367474075113,4.35490378703455,patch_2,1260
5.49296184949955,4.39253609261828,patch_2,1261
5.56489489760339,4.4055774400972,patch_2,1262
5.64146031522363,4.36042064823126,patch_2,1263
5.60753750561903,4.27502008270392,patch_2,1264
5.57414790929805,4.16775687004527,patch_2,1265
5.56269889391467,4.10966435474353,patch_2,1266
5.55700398916517,4.09413075671946,patch_2,1267
5.54111444683816,4.11178807066132,patch_2,1268
5.56727648096814,4.12803324115401,patch_2,1269
5.64622487979185,4.05795163420547,patch_2,1270
5.69127421983394,3.97605112122776,patch_2,1271
5.71819312068661,3.8967007064206,patch_2,1272
5.70440269056135,3.85993654670024,patch_2,1273
5.67394915084562,3.87463018438256,patch_2,1274
5.7114342057693,3.88054043283018,patch_2,1275
5.73673474470235,3.8349443633865,patch_2,1276
5.78172329077268,3.74602768465243,patch_2,1277
5.74926469646898,3.62139462600542,patch_2,1278
5.66000902853697,3.61700121801856,patch_2,1279
5.58387957311242,3.67026010971051,patch_2,1280
5.60974035513895,3.75087513909628,patch_2,1281
5.67188889670024,3.72915678088284,patch_2,1282
5.69900087998786,3.67694341250236,patch_2,1283
5.67537285726517,3.64465523641388,patch_2,1284
5.6152853293779,3.6199074163306,patch_2,1285
5.53772881244292,3.67604615361369,patch_2,1286
5.47886802711042,3.77860045821979,patch_2,1287
5.41744215901186,3.88750678437085,patch_2,1288
5.48270958028984,4.02931255975251,patch_2,1289
5.60041532554821,4.08459263669696,patch_2,1290
5.67568164268092,4.10649767985938,patch_2,1291
5.72967748179988,4.09791845305044,patch_2,1292
5.69979123302073,4.04040531598028,patch_2,1293
5.73106091598332,4.03046740916518,patch_2,1294
5.79585372059204,4.00933775918503,patch_2,1295
5.84343261865417,3.96631704553669,patch_2,1296
5.83877953919135,3.89491307752519,patch_2,1297
5.83581277502468,3.81666396443468,patch_2,1298
5.81964434487539,3.69961764992155,patch_2,1299
5.75761058866447,3.60075470141765,transit,1300
5.75761058866447,3.60881958995843,patch_2,1300
6.11898718992398,3.75582471862733,transit,1322.22222222222
6.48036379118348,3.90998396728672,transit,1344.44444444444
6.84174039244298,4.07721520728456,transit,1366.66666666667
7.20311699370249,4.23366300074887,transit,1388.88888888889
7.56449359496199,4.39752991362732,transit,1411.11111111111
7.92587019622149,4.53497472662946,transit,1433.33333333333
8.28724679748099,4.70196954549623,transit,1455.55555555556
8.6486233987405,4.85484691877393,transit,1477.77777777778
9.01,5,patch_3,1500
9.01,5.01894294273039,transit,1500
9.04480649408249,5.04090398835386,patch_3,1501
9.0934953319243,4.99703977758168,patch_3,1502
9.09797125665453,4.92912248181351,patch_3,1503
9.0538550566599,4.83983756294348,patch_3,1504
8.98280234100055,4.87121111725539,patch_3,1505
8.96256785347662,4.90197509434097,patch_3,1506
8.91894064711899,4.92158427185231,patch_3,1507
8.89459235393098,5.02184500089822,patch_3,1508
8.91876586368561,5.1177560881677,patch_3,1509
8.97331099004246,5.17354398292442,patch_3,1510
9.05658641929847,5.19438689910332,patch_3,1511
9.15814719776342,5.14523527069873,patch_3,1512
9.17879800136028,5.08334560085322,patch_3,1513
9.20982607512683,5.0419690694595,patch_3,1514
9.15268433852156,5.03230586102654,patch_3,1515
9.1332331851607,5.0641967144171,patch_3,1516
9.14141864794347,5.06888920039049,patch_3,1517
9.1511271211247,5.04627143202877,patch_3,1518
9.09954188213044,5.02118245917552,patch_3,1519
9.05922976339342,5.04211175804897,patch_3,1520
8.98379508384226,5.06051631894469,patch_3,1521
8.95969978812146,5.15929210474398,patch_3,1522
9.01352909610919,5.28495022519113,patch_3,1523
9.08910699309136,5.38719863224967,patch_3,1524
9.21944153318132,5.41623101561389,patch_3,1525
9.29745687140706,5.39351856216479,patch_3,1526
9.31245618219335,5.34571438567902,patch_3,1527
9.31720468794701,5.30401643400382,patch_3,1528
9.30251626734349,5.2920570003547,patch_3,1529
9.28030124504973,5.28442396189805,patch_3,1530
9.22165331413717,5.2650361563453,patch_3,1531
9.19833763985944,5.27489378984367,patch_3,1532
9.23770989532378,5.22486355401434,patch_3,1533
9.18186963568928,5.15020588296395,patch_3,1534
9.0616208842289,5.12275235536738,patch_3,1535
8.88821085771842,5.20243110899025,patch_3,1536
8.81086366230968,5.37261962958819,patch_3,1537
8.89097128026729,5.54347743058959,patch_3,1538
9.02807462522482,5.67785081981155,patch_3,1539
9.16612833685876,5.74695955845656,patch_3,1540
9.3316254881367,5.75725137471269,patch_3,1541
9.43950692183279,5.67947985936655,patch_3,1542
9.49475285629062,5.57362077235069,patch_3,1543
9.43944615069599,5.45403616746284,patch_3,1544
9.33360173765462,5.4155912098518,patch_3,1545
9.26314218773294,5.44533760591684,patch_3,1546
9.20361774631316,5.50227884481291,patch_3,1547
9.22869723860265,5.59247962566675,patch_3,1548
9.37737061335125,5.65616175077997,patch_3,1549
9.48183942065908,5.63480055403727,patch_3,1550
9.52386219847296,5.55231191286388,patch_3,1551
9.50913061013144,5.47206167881131,patch_3,1552
9.43818336846677,5.43544099089571,patch_3,1553
9.41299923905795,5.4451094992288,patch_3,1554
9.43332549914224,5.5101305661279,patch_3,1555
9.46573034517855,5.51505666512886,patch_3,1556
9.50058107737492,5.53261375837731,patch_3,1557
9.56061699415694,5.57098194211962,patch_3,1558
9.60796956071623,5.60517570589213,patch_3,1559
9.62470537572849,5.63702921624736,patch_3,1560
9.63417263745317,5.72596514108715,patch_3,1561
9.66572266656176,5.76047445866621,patch_3,1562
9.68406971819864,5.76087950847504,patch_3,1563
9.72174137212081,5.7651477579179,patch_3,1564
9.73149686909103,5.70393516879816,patch_3,1565
9.70812808593295,5.64652587936956,patch_3,1566
9.66677830902854,5.62668025669156,patch_3,1567
9.663917287151,5.61172077377932,patch_3,1568
9.63763083388859,5.57388643525636,patch_3,1569
9.58554263971431,5.57821225185192,patch_3,1570
9.49697651539974,5.59893201019148,patch_3,1571
9.42591796615664,5.72634516856194,patch_3,1572
9.42420773168443,5.8924412568752,patch_3,1573
9.4994228894951,5.98286626010675,patch_3,1574
9.565398361971,6.00874530475437,patch_3,1575
9.64719743193884,5.92027088729506,patch_3,1576
9.70598340008628,5.85664403614956,patch_3,1577
9.70650717966599,5.82800127836448,patch_3,1578
9.71088326876484,5.76339538291154,patch_3,1579
9.70173326074243,5.66140846923312,patch_3,1580
9.61280825734931,5.60331261704907,patch_3,1581
9.51605867016449,5.62864371457689,patch_3,1582
9.43260006411749,5.72874217068348,patch_3,1583
9.48072804908874,5.85086288372329,patch_3,1584
9.65354671116737,5.93957624139557,patch_3,1585
9.81008862404549,5.90559686678562,patch_3,1586
9.85786748989749,5.7444339855105,patch_3,1587
9.8016880814921,5.64900471368532,patch_3,1588
9.66583679437574,5.60261565794102,patch_3,1589
9.52616715472439,5.62821629501423,patch_3,1590
9.46213245637496,5.69775198671507,patch_3,1591
9.44985025679216,5.78054850414068,patch_3,1592
9.48534427123791,5.88777453586138,patch_3,1593
9.59509991915719,5.89142302617246,patch_3,1594
9.62723583143431,5.83268436261897,patch_3,1595
9.56255924981913,5.83831243777237,patch_3,1596
9.5110420059139,5.86756982605902,patch_3,1597
9.46858640261011,5.90158937888326,patch_3,1598
9.50189186819795,5.97825037799343,patch_3,1599
9.56376853358276,6.04627981286747,patch_3,1600
9.70084833461502,6.04607589828519,patch_3,1601
9.76590845666205,5.94246464316378,patch_3,1602
9.82580692372487,5.82213044108003,patch_3,1603
9.82063915153902,5.66436587244878,patch_3,1604
9.76277258464892,5.5301088873654,patch_3,1605
9.67362484236359,5.47781465814315,patch_3,1606
9.65135886730571,5.47937704335011,patch_3,1607
9.63170477855553,5.51951088357136,patch_3,1608
9.65824847929894,5.52317051408367,patch_3,1609
9.65497225122155,5.49347147188838,patch_3,1610
9.62875566441606,5.43726074639591,patch_3,1611
9.56589927084196,5.3982712476248,patch_3,1612
9.50075758080665,5.42486065053634,patch_3,1613
9.39980898310381,5.49226340657851,patch_3,1614
9.36271671611964,5.6281477208886,patch_3,1615
9.43453251530362,5.73169747768196,patch_3,1616
9.60184931646984,5.77319765895468,patch_3,1617
9.72963311063828,5.77497605325242,patch_3,1618
9.82514129637281,5.7067136238615,patch_3,1619
9.88928813426121,5.57081933224974,patch_3,1620
9.8663200889868,5.40033740578893,patch_3,1621
9.73854383781307,5.29556929341029,patch_3,1622
9.63553698394074,5.31398586166592,patch_3,1623
9.51319688741262,5.4131319977438,patch_3,1624
9.45322543930986,5.4738767413391,patch_3,1625
9.37178516186469,5.59124036308861,patch_3,1626
9.3211891155879,5.73418738641949,patch_3,1627
9.36453928104563,5.84050230541761,patch_3,1628
9.43133414992203,5.93416766181129,patch_3,1629
9.51273628944586,5.91561961600787,patch_3,1630
9.54145880449484,5.86512673725548,patch_3,1631
9.53572987268663,5.76988069536119,patch_3,1632
9.49963987964718,5.70496436107712,patch_3,1633
9.41405153591569,5.62132402892444,patch_3,1634
9.2370349718131,5.64205529245907,patch_3,1635
9.09201291257982,5.78116689022844,patch_3,1636
9.03902778911168,5.96423496364652,patch_3,1637
9.10423999387701,6.1174660490672,patch_3,1638
9.17212562852736,6.18280983008728,patch_3,1639
9.28019197280898,6.15966592207889,patch_3,1640
9.39034909599781,6.14476793157566,patch_3,1641
9.52010646602794,6.07448338958469,patch_3,1642
9.6115068110846,5.95778949307447,patch_3,1643
9.58331090170365,5.79706259226872,patch_3,1644
9.47746430627267,5.70236248814016,patch_3,1645
9.37404075856888,5.70676478014193,patch_3,1646
9.31197465070617,5.78134666365382,patch_3,1647
9.29908055265216,5.89721975713023,patch_3,1648
9.36590412131294,6.03081780212821,patch_3,1649
9.49829273074579,6.06888640566669,patch_3,1650
9.62613308862339,6.06597593410223,patch_3,1651
9.67952736454163,5.97228013261661,patch_3,1652
9.65493063129527,5.90641632052451,patch_3,1653
9.59879819364015,5.85609779170715,patch_3,1654
9.54068223926718,5.86555926386596,patch_3,1655
9.48720776663551,5.86648540900159,patch_3,1656
9.53274533696137,5.85453499248963,patch_3,1657
9.52263467123322,5.76523765654105,patch_3,1658
9.46310850786484,5.65122908153008,patch_3,1659
9.39399885161025,5.61745809488165,patch_3,1660
9.37485417314221,5.62423086058014,patch_3,1661
9.34846668062544,5.66365584245967,patch_3,1662
9.3847878715555,5.63811163181749,patch_3,1663
9.39490502028858,5.63089743926746,patch_3,1664
9.37018615570708,5.64857026667054,patch_3,1665
9.40953107438479,5.69014509121278,patch_3,1666
9.44144608659971,5.68516424610909,patch_3,1667
9.49302033805572,5.76723283158947,patch_3,1668
9.52471549789973,5.8150025050289,patch_3,1669
9.57471289137056,5.81074229930822,patch_3,1670
9.59704372482042,5.70925491408142,patch_3,1671
9.53413614991684,5.66033485774072,patch_3,1672
9.54411484015853,5.67013307900479,patch_3,1673
9.62980829594839,5.68634936396711,patch_3,1674
9.67244735021227,5.6335273707851,patch_3,1675
9.75159286528334,5.5757225571651,patch_3,1676
9.72789790668425,5.48555406901132,patch_3,1677
9.70693846655574,5.42011357504349,patch_3,1678
9.69068316813814,5.38452190650507,patch_3,1679
9.6953175193583,5.36177726653479,patch_3,1680
9.68877088842219,5.33027757078617,patch_3,1681
9.61531700752947,5.29362951483586,patch_3,1682
9.55818866813181,5.32120415569183,patch_3,1683
9.55984918117745,5.34954526407948,patch_3,1684
9.5472094966935,5.40573543824164,patch_3,1685
9.57794146807925,5.41411119854464,patch_3,1686
9.559406152572,5.4180637123647,patch_3,1687
9.52906590356329,5.40968765250083,patch_3,1688
9.54460605131543,5.38643979192035,patch_3,1689
9.4907872858232,5.34672744053831,patch_3,1690
9.42684413039144,5.36293465835256,patch_3,1691
9.47337434026324,5.43828633213743,patch_3,1692
9.62053880199768,5.49141016286404,patch_3,1693
9.75028652220453,5.4238544205797,patch_3,1694
9.86570355238282,5.30569336372865,patch_3,1695
9.88303932091792,5.12603934551551,patch_3,1696
9.73149546575246,4.94770774849242,patch_3,1697
9.51596723710436,4.84995059287035,patch_3,1698
9.28559151084264,4.9127076865483,patch_3,1699
9.20521405006445,5.07597384893533,patch_3,1700
9.26200629095934,5.28187821073707,patch_3,1701
9.46505248713381,5.42862990105468,patch_3,1702
9.68794228305566,5.42065432424896,patch_3,1703
9.81347678271791,5.27896975871011,patch_3,1704
9.8285706732863,5.18780952139436,patch_3,1705
9.77002988298967,5.09107087244877,patch_3,1706
9.71161496736559,5.07457126862287,patch_3,1707
9.64951083375883,5.12118027661667,patch_3,1708
9.60887823512914,5.21945020678096,patch_3,1709
9.64994867337037,5.28661943507903,patch_3,1710
9.67580793232708,5.27105107105705,patch_3,1711
9.7290032042089,5.23012345646701,patch_3,1712
9.72584870150345,5.17242474882532,patch_3,1713
9.75651347536729,5.15465623363781,patch_3,1714
9.76035405285942,5.10245182029958,patch_3,1715
9.72844682482789,5.0931601315484,patch_3,1716
9.69222048295148,5.14398470276261,patch_3,1717
9.73818541902064,5.16545640836215,patch_3,1718
9.81954810814547,5.14206470895208,patch_3,1719
9.84032297869823,5.04381892194058,patch_3,1720
9.82826243674597,5.0308245882039,patch_3,1721
9.83569675859214,5.00398993959175,patch_3,1722
9.8342920029109,4.97013803637757,patch_3,1723
9.86410096874338,4.94627271704076,patch_3,1724
9.89760887735142,4.90035050281479,patch_3,1725
9.83221765449105,4.82467301200309,patch_3,1726
9.71487905513502,4.82612813850528,patch_3,1727
9.66714596425608,4.89844116532805,patch_3,1728
9.69265599983304,4.98750673137205,patch_3,1729
9.77825860299185,5.08447174795705,patch_3,1730
9.93129222539352,5.173481390039,patch_3,1731
10.1075236189176,5.15640961051409,patch_3,1732
10.2240887473784,5.05458224047038,patch_3,1733
10.247356998591,4.94521004691986,patch_3,1734
10.207517241967,4.88867947486639,patch_3,1735
10.1355653374898,4.89622435139336,patch_3,1736
10.1109291409031,5.07006254687476,patch_3,1737
10.1649161535323,5.19468003012193,patch_3,1738
10.2181499483803,5.23367312778484,patch_3,1739
10.2643192097986,5.22390553071656,patch_3,1740
10.2634245547218,5.18274100077954,patch_3,1741
10.2702018622166,5.16486997884,patch_3,1742
10.2542649337453,5.13228847309992,patch_3,1743
10.2143392855954,5.1271944086372,patch_3,1744
10.223501544173,5.12667480395799,patch_3,1745
10.2440563858582,5.10659644671377,patch_3,1746
10.2844404530055,5.13019286446224,patch_3,1747
10.3316091739833,5.15909183125029,patch_3,1748
10.3216443440348,5.15727685249576,patch_3,1749
10.3233002099756,5.13467049626903,patch_3,1750
10.3036224592573,5.14040332695839,patch_3,1751
10.2888817694049,5.16064850393146,patch_3,1752
10.2980073953686,5.14532511725122,patch_3,1753
10.2867949179852,5.14051339680171,patch_3,1754
10.2550465953206,5.12153647151295,patch_3,1755
10.2279411035297,5.11322704375629,patch_3,1756
10.2315680071207,5.18700461380691,patch_3,1757
10.3080489890501,5.25484365644932,patch_3,1758
10.4366967673536,5.23492016873398,patch_3,1759
10.4929665254166,5.15463497179904,patch_3,1760
10.5366713069704,5.0478910232181,patch_3,1761
10.4898225089389,4.94072883821143,patch_3,1762
10.4277643466024,4.91445147929544,patch_3,1763
10.3679176357491,4.93188128657091,patch_3,1764
10.3969990215752,4.97354000098278,patch_3,1765
10.4848802727495,4.98672364966212,patch_3,1766
10.5600759993615,4.95944011429939,patch_3,1767
10.6202221740346,4.90871891673853,patch_3,1768
10.6160861624732,4.87405105279698,patch_3,1769
10.6028141338456,4.8699454473363,patch_3,1770
10.6072458754292,4.85590702956113,patch_3,1771
10.5752462183848,4.84034614781657,patch_3,1772
10.5300907436457,4.86371726890995,patch_3,1773
10.5146999012296,4.88317919119079,patch_3,1774
10.5363894185655,4.90043864653727,patch_3,1775
10.5134925565746,4.87570245775965,patch_3,1776
10.4275324504259,4.91610210215675,patch_3,1777
10.3727434438637,4.98868678532939,patch_3,1778
10.4049921236117,5.05830943325698,patch_3,1779
10.4352610035599,5.08868843952167,patch_3,1780
10.4839879112227,5.13633244106985,patch_3,1781
10.5822599550454,5.16174254760968,patch_3,1782
10.6473832087866,5.13319491620828,patch_3,1783
10.6590838019947,5.08104136845192,patch_3,1784
10.6655847722352,5.06855560801617,patch_3,1785
10.678196508743,5.04641735188502,patch_3,1786
10.6341054903667,5.11998925483701,patch_3,1787
10.6480117325567,5.19552193862253,patch_3,1788
10.6962131211231,5.3034844196328,patch_3,1789
10.8217314114951,5.35199861869534,patch_3,1790
10.8876608306294,5.37023093405255,patch_3,1791
10.9349177548018,5.34875611919658,patch_3,1792
11.0689130162134,5.28020692076417,patch_3,1793
11.1117081920079,5.14414938617139,patch_3,1794
11.0378072944133,5.04748299740929,patch_3,1795
10.9303643134985,5.00108834412978,patch_3,1796
10.8441665845362,5.02795274011126,patch_3,1797
10.8380268002369,5.0709523747651,patch_3,1798
10.8183118859445,5.13665552767183,patch_3,1799
10.804856276325,5.20398904449349,patch_3,1800
10.8016579270141,5.24274553044806,patch_3,1801
10.8114591771222,5.24239330311518,patch_3,1802
10.8010307194437,5.23051137506119,patch_3,1803
10.8092023315261,5.21732299267379,patch_3,1804
10.8510828726062,5.22454517309815,patch_3,1805
10.9036878461822,5.14261999516417,patch_3,1806
10.9213470976766,5.02206276059643,patch_3,1807
10.8354351505336,4.95782061261029,patch_3,1808
10.7331133864328,4.95761744951502,patch_3,1809
10.6816507231629,4.95003947612804,patch_3,1810
10.6196217790819,4.95060076591929,patch_3,1811
10.5450816469438,5.00506908279469,patch_3,1812
10.5191502490488,5.15107969073643,patch_3,1813
10.5714938961635,5.28605203105394,patch_3,1814
10.7134131193193,5.30126390099942,patch_3,1815
10.7831039762885,5.22760472069081,patch_3,1816
10.8021458634898,5.1479140020269,patch_3,1817
10.7236058519855,5.14038322100186,patch_3,1818
10.6610293454813,5.18225838891428,patch_3,1819
10.6239844480057,5.25734486890522,patch_3,1820
10.6461237054107,5.31766919804641,patch_3,1821
10.6737225861378,5.30430112950891,patch_3,1822
10.6914608028288,5.2730789941757,patch_3,1823
10.7309372768035,5.21093720271536,patch_3,1824
10.7278677658788,5.12979848870914,patch_3,1825
10.6769212566176,5.03200975542133,patch_3,1826
10.6166880700322,5.04776127496256,patch_3,1827
10.592472325799,5.12413684843584,patch_3,1828
10.6421263469942,5.21408319143526,patch_3,1829
10.7109219914538,5.27170438564356,patch_3,1830
10.8147290859911,5.30339342782461,patch_3,1831
10.8862300506374,5.24663281394707,patch_3,1832
10.911293788536,5.16038658441438,patch_3,1833
10.9120668789127,5.03527674466943,patch_3,1834
10.8413130870288,4.96570290140303,patch_3,1835
10.8092958639969,4.96390651080337,patch_3,1836
10.7502060714642,5.00082980285485,patch_3,1837
10.7380097421332,5.08734480957961,patch_3,1838
10.7193872556746,5.15130915379586,patch_3,1839
10.7644543219288,5.15555491870662,patch_3,1840
10.819325795419,5.14938574928851,patch_3,1841
10.8404308898166,5.08963588044269,patch_3,1842
10.7976711978644,5.02083346745436,patch_3,1843
10.7394184273123,4.97875144682634,patch_3,1844
10.633825906298,4.97630786223737,patch_3,1845
10.5714754608564,5.05084945603484,patch_3,1846
10.5292779576852,5.16200979913471,patch_3,1847
10.4962843468958,5.24765884711482,patch_3,1848
10.512183204866,5.37324312534912,patch_3,1849
10.5639796637132,5.41187998132859,patch_3,1850
10.6049680262544,5.38623731861721,patch_3,1851
10.6524954189324,5.31536592444081,patch_3,1852
10.6539207164762,5.22597870471307,patch_3,1853
10.6405609157664,5.1869090484143,patch_3,1854
10.6284212701452,5.13570530407648,patch_3,1855
10.6164020170072,5.13452337242354,patch_3,1856
10.6800614545671,5.19417500044139,patch_3,1857
10.7811313819308,5.21269753896286,patch_3,1858
10.8490202165798,5.14031391625302,patch_3,1859
10.878417649051,5.02627279397522,patch_3,1860
10.8606865747861,4.8977679024002,patch_3,1861
10.7318563679932,4.78534796926414,patch_3,1862
10.5404779582352,4.80809670717282,patch_3,1863
10.4057992714546,4.95701927598567,patch_3,1864
10.3494353989105,5.15510285865966,patch_3,1865
10.412545072758,5.32512674214571,patch_3,1866
10.4970130202332,5.36973992235081,patch_3,1867
10.5864544747011,5.35702676716215,patch_3,1868
10.6276721340137,5.30741334541188,patch_3,1869
10.6354484269779,5.20690204362605,patch_3,1870
10.564769053447,5.13778947956235,patch_3,1871
10.4618809762185,5.10701811151355,patch_3,1872
10.4196234080549,5.12093276641695,patch_3,1873
10.4120126650091,5.14044960311263,patch_3,1874
10.3858469384242,5.13053187451027,patch_3,1875
10.3758989627451,5.1091760492493,patch_3,1876
10.328802471556,5.10538439671871,patch_3,1877
10.2484863117591,5.09463643014917,patch_3,1878
10.1431388812645,5.1513627539309,patch_3,1879
10.122047895745,5.2335743906446,patch_3,1880
10.1505979695752,5.34912141670227,patch_3,1881
10.246710523319,5.40071155514156,patch_3,1882
10.3235304804138,5.37587085724729,patch_3,1883
10.3458044257061,5.26018053201091,patch_3,1884
10.3292006706718,5.17590486867825,patch_3,1885
10.2678427824874,5.16506284509581,patch_3,1886
10.2844470562433,5.214024113625,patch_3,1887
10.4005939697944,5.25519892629304,patch_3,1888
10.4124169784415,5.18627971927761,patch_3,1889
10.3578948785745,5.13022482569883,patch_3,1890
10.2847612331877,5.14161408776324,patch_3,1891
10.2609641693428,5.19967847473291,patch_3,1892
10.3062338305024,5.2641976321147,patch_3,1893
10.3380268585124,5.30935073087613,patch_3,1894
10.3809911658517,5.26905988472459,patch_3,1895
10.3557566719675,5.24215886040663,patch_3,1896
10.3420799210981,5.22704592871552,patch_3,1897
10.3375328324217,5.28354568306271,patch_3,1898
10.4289849313154,5.30903122051519,patch_3,1899
10.4676714988746,5.26881422918904,patch_3,1900
10.4786106669473,5.17061989713471,patch_3,1901
10.4577684154213,5.12985789275339,patch_3,1902
10.46514343023,5.14291614294502,patch_3,1903
10.5128181961417,5.07776570550956,patch_3,1904
10.4617907765147,5.02051103680036,patch_3,1905
10.3620859111729,4.98901307784889,patch_3,1906
10.3003078992598,5.02746095974661,patch_3,1907
10.2686821924001,5.10827658248128,patch_3,1908
10.2852794342881,5.21712611885728,patch_3,1909
10.3299254002086,5.29736341247601,patch_3,1910
10.3992247815531,5.2790598424884,patch_3,1911
10.4279900642981,5.22177777721469,patch_3,1912
10.3968827637813,5.09095439449831,patch_3,1913
10.2964821179644,5.01570953885478,patch_3,1914
10.2160212838226,5.00638792295501,patch_3,1915
10.1636518029396,5.12191475935994,patch_3,1916
10.1664821166364,5.25847125589118,patch_3,1917
10.2168086396587,5.36009577659339,patch_3,1918
10.3281340567188,5.40408505320688,patch_3,1919
10.402858243493,5.34984653873018,patch_3,1920
10.4880570629777,5.29577649008337,patch_3,1921
10.5033727821617,5.19654268137392,patch_3,1922
10.5004686935331,5.09929164833473,patch_3,1923
10.470133068233,4.99383581955642,patch_3,1924
10.3714668735042,4.86810521949265,patch_3,1925
10.2290668096899,4.8019253422094,patch_3,1926
10.1313150038739,4.84279307770861,patch_3,1927
10.0575406208325,4.96538682947723,patch_3,1928
10.1069130052727,5.11902421472941,patch_3,1929
10.2094282507074,5.19206587799119,patch_3,1930
10.3334004377403,5.13850044271119,patch_3,1931
10.4125659552262,5.02807141264178,patch_3,1932
10.3996735252079,4.93107607124939,patch_3,1933
10.264763257983,4.89800014523791,patch_3,1934
10.1741257834795,4.97233301587842,patch_3,1935
10.183294193265,5.03216348983794,patch_3,1936
10.2519517767395,5.0423113823829,patch_3,1937
10.3026454821709,5.00046963051255,patch_3,1938
10.2912929593811,4.93963657128881,patch_3,1939
10.2683724106798,4.863887242608,patch_3,1940
10.2695114138864,4.77744391292987,patch_3,1941
10.2685951596972,4.73964114473028,patch_3,1942
10.242690814056,4.6959794700448,patch_3,1943
10.2421069032259,4.67417142233881,patch_3,1944
10.2081468888702,4.63572192512321,patch_3,1945
10.1882844301534,4.60962531731541,patch_3,1946
10.1860983719671,4.63149482336971,patch_3,1947
10.2051697118266,4.68523440470309,patch_3,1948
10.2284426561563,4.7200915647576,patch_3,1949
10.296886550808,4.73933044059634,patch_3,1950
10.3108764133715,4.76074617576313,patch_3,1951
10.32681048861,4.74782240753714,patch_3,1952
10.2767212107931,4.71913777466336,patch_3,1953
10.2173941812058,4.75649931264079,patch_3,1954
10.1743557041894,4.83994580378207,patch_3,1955
10.1700184009371,4.85561675710882,patch_3,1956
10.1745965865277,4.86966850669753,patch_3,1957
10.2458778852391,4.93071216887347,patch_3,1958
10.3238076696322,4.92377095889435,patch_3,1959
10.3611318408696,4.89415738952001,patch_3,1960
10.3773860713326,4.87363936173316,patch_3,1961
10.3775635337188,4.83139870551465,patch_3,1962
10.3307693232105,4.81143421574902,patch_3,1963
10.3087171181075,4.80889350286016,patch_3,1964
10.3005815598752,4.74281099844489,patch_3,1965
10.2271264746905,4.67153170412113,patch_3,1966
10.1542208619204,4.72747669809686,patch_3,1967
10.0897488621476,4.83107703228521,patch_3,1968
10.1314642732069,4.93794709666145,patch_3,1969
10.169038350548,5.01256170794124,patch_3,1970
10.2192596949759,5.10222985743562,patch_3,1971
10.3900062575247,5.15491373865327,patch_3,1972
10.5096637087658,5.09257685889676,patch_3,1973
10.5244695225883,5.01325652201129,patch_3,1974
10.4762515209973,4.9190154422971,patch_3,1975
10.3631760221102,4.90836288189211,patch_3,1976
10.2640126409415,4.98409564412783,patch_3,1977
10.2481527192605,5.07542732244215,patch_3,1978
10.2686745651913,5.17271360679499,patch_3,1979
10.2934299199762,5.24138539607484,patch_3,1980
10.3428937673368,5.25446136915705,patch_3,1981
10.3293003200497,5.28137628570403,patch_3,1982
10.3853545348265,5.29591468805912,patch_3,1983
10.4635714817176,5.26162531844828,patch_3,1984
10.4702933644369,5.21806742264121,patch_3,1985
10.4931019697776,5.15543692343415,patch_3,1986
10.4575984508606,5.10769587819025,patch_3,1987
10.4502376518923,5.11606192026611,patch_3,1988
10.4509711613905,5.11664233862084,patch_3,1989
10.4455535237649,5.10499286069097,patch_3,1990
10.3900735517377,5.07215680974945,patch_3,1991
10.3028987670341,5.09618080992857,patch_3,1992
10.264733421916,5.15519784305375,patch_3,1993
10.2798187869002,5.18146572230362,patch_3,1994
10.2723367969642,5.18097991843581,patch_3,1995
10.2901041731783,5.17801375776531,patch_3,1996
10.3303396037112,5.15041469965853,patch_3,1997
10.3182929710432,5.07932404467981,patch_3,1998
10.2814538803061,4.99944868332312,patch_3,1999
10.2321711178236,4.91105744062114,patch_3,2000
